{"stats":{"minecraft:used":{"minecraft:diamond_sword":30},"minecraft:killed":{"minecraft:sheep":3},"minecraft:killed_by":{"minecraft:wither":1},"minecraft:picked_up":{"minecraft:wheat_seeds":2,"minecraft:dandelion":1,"minecraft:mutton":5,"minecraft:dirt":15,"minecraft:white_wool":3},"minecraft:custom":{"minecraft:time_since_rest":2062,"minecraft:crouch_one_cm":362,"minecraft:sprint_one_cm":18177,"minecraft:play_time":5384,"minecraft:walk_one_cm":29416,"minecraft:damage_taken":270,"minecraft:deaths":1,"minecraft:sneak_time":54,"minecraft:mob_kills":3,"minecraft:jump":16,"minecraft:damage_dealt":1513,"minecraft:leave_game":1,"minecraft:time_since_death":1966,"minecraft:total_world_time":5384,"minecraft:damage_dealt_absorbed":28,"minecraft:fly_one_cm":30699},"minecraft:mined":{"minecraft:grass":2}},"DataVersion":3465}